Daily run at Mon Oct 27 17:59:18 UTC 2025
Daily run at Tue Oct 28 10:32:33 UTC 2025
Daily run at Wed Oct 29 10:32:22 UTC 2025
Daily run at Thu Oct 30 10:31:31 UTC 2025
Daily run at Fri Oct 31 10:30:51 UTC 2025
Daily run at Sat Nov  1 10:27:36 UTC 2025
Daily run at Sun Nov  2 10:26:28 UTC 2025
Daily run at Mon Nov  3 10:33:58 UTC 2025
Daily run at Tue Nov  4 10:33:52 UTC 2025
Daily run at Wed Nov  5 10:32:29 UTC 2025
Daily run at Thu Nov  6 10:32:47 UTC 2025
Daily run at Fri Nov  7 10:31:16 UTC 2025
Daily run at Sat Nov  8 10:27:37 UTC 2025
Daily run at Sun Nov  9 10:27:27 UTC 2025
Daily run at Mon Nov 10 10:33:43 UTC 2025
Daily run at Tue Nov 11 10:33:02 UTC 2025
